[{"id":"0","img":"images/gunsu1.jpg","title":"苏秘37(SU:M37°) ","introduce":"su:m37/苏秘37 时间能量新肌柔肤水乳礼盒套装 新肌修复","price":"￥457.00"},{"id":"1","img":"images/gunsu2.jpg","title":"苏秘37(SU:M37°) ","introduce":"su:m37/苏秘37 时间能量新肌柔肤水乳礼盒套装 新肌修复","price":"￥457.00"},{"id":"2","img":"images/gunsu3.jpg","title":"苏秘37(SU:M37°) ","introduce":"su:m37/苏秘37 时间能量新肌柔肤水乳礼盒套装 新肌修复","price":"￥457.00"},{"id":"3","img":"images/gunsu4.jpg","title":"苏秘37(SU:M37°) ","introduce":"su:m37/苏秘37 时间能量新肌柔肤水乳礼盒套装 新肌修复","price":"￥457.00"},{"id":"4","img":"images/gunsu5.png","title":"苏秘37(SU:M37°) ","introduce":"su:m37/苏秘37 时间能量新肌柔肤水乳礼盒套装 新肌修复","price":"￥457.00"},{"id":"5","img":"images/gunsu6.jpg","title":"苏秘37(SU:M37°) ","introduce":"su:m37/苏秘37 时间能量新肌柔肤水乳礼盒套装 新肌修复","price":"￥457.00"},{"id":"1","img":"images/gunsu1.jpg","title":"苏秘37(SU:M37°) ","introduce":"su:m37/苏秘37 时间能量新肌柔肤水乳礼盒套装 新肌修复","price":"￥457.00"},{"id":"2","img":"images/gunsu2.jpg","title":"苏秘37(SU:M37°) ","introduce":"su:m37/苏秘37 时间能量新肌柔肤水乳礼盒套装 新肌修复","price":"￥457.00"}] 