[{"id":"0","logo":"images/gundonglogo.jpg"},{"id":"1","logo":"images/gundonglogo.jpg"},{"id":"2","logo":"images/gundonglogo.jpg"},{"id":"3","logo":"images/gundonglogo.jpg"},{"id":"4","logo":"images/gundonglogo.jpg"},{"id":"5","logo":"images/gundonglogo.jpg"},{"id":"6","logo":"images/gundonglogo.jpg"},{"id":"7","logo":"images/gundonglogo.jpg"},{"id":"8","logo":"images/gundonglogo.jpg"},{"id":"9","logo":"images/gundonglogo.jpg"},{"id":"10","logo":"images/gundonglogo.jpg"},{"id":"11","logo":"images/gundonglogo.jpg"},{"id":"12","logo":"images/gundonglogo.jpg"},{"id":"13","logo":"images/gundonglogo.jpg"},{"id":"14","logo":"images/gundonglogo.jpg"},{"id":"15","logo":"images/gundonglogo.jpg"},{"id":"16","logo":"images/gundonglogo.jpg"},{"id":"17","logo":"images/gundonglogo.jpg"},{"id":"18","logo":"images/gundonglogo.jpg"},{"id":"19","logo":"images/gundonglogo.jpg"},{"id":"20","logo":"images/gundonglogo.jpg"},{"id":"21","logo":"images/gundonglogo.jpg"},{"id":"22","logo":"images/gundonglogo.jpg"},{"id":"23","logo":"images/gundonglogo.jpg"},{"id":"24","logo":"images/gundonglogo.jpg"},{"id":"25","logo":"images/gundonglogo.jpg"},{"id":"26","logo":"images/gundonglogo.jpg"},{"id":"27","logo":"images/gundonglogo.jpg"},{"id":"28","logo":"images/gundonglogo.jpg"},{"id":"29","logo":"images/gundonglogo.jpg"},{"id":"30","logo":"images/gundonglogo.jpg"},{"id":"31","logo":"images/gundonglogo.jpg"},{"id":"32","logo":"images/gundonglogo.jpg"},{"id":"33","logo":"images/gundonglogo.jpg"},{"id":"34","logo":"images/gundonglogo.jpg"},{"id":"35","logo":"images/gundonglogo.jpg"},{"id":"36","logo":"images/gundonglogo.jpg"},{"id":"37","logo":"images/gundonglogo.jpg"},{"id":"38","logo":"images/gundonglogo.jpg"},{"id":"39","logo":"images/gundonglogo.jpg"},{"id":"40","logo":"images/gundonglogo.jpg"},{"id":"41","logo":"images/gundonglogo.jpg"}]