[{"id":"0","img":"images/live5.jpg","title":"ON THE BODY ","introduce":"ONTHEBODY 快乐微风香水沐浴露500ml*2 ","price":"￥180"},{"id":"1","img":"images/live6.jpg","title":"舒福蓝(Saffron) ","introduce":"舒福蓝 天然花醋 衣物除味剂 莲花香400ml","price":"￥46"},{"id":"2","img":"images/live7.jpg","title":"倍瑞傲(PERIOE) ","introduce":"CLIDEN/可来得 美白牙膏3款组合120g*9","price":"￥270"},{"id":"3","img":"images/live8.jpg","title":"ON THE BODY ","introduce":"ONTHEBODY 香水沐浴露500ml*2+身体乳400ml","price":"￥180"},{"id":"4","img":"images/live9.jpg","title":"FiJi","introduce":"FiJi 抽纸式洗衣液 30抽/盒*2","price":"￥120"},{"id":"5","img":"images/live10.jpg","title":"ORGANIST","introduce":"ORGANIST 济州岛山茶花去屑洗发水+护发素 ","price":"￥240"},{"id":"6","img":"images/live11.jpg","title":"家居之星(HOMESTAR)","introduce":"ONTHEBODY 家居之星 发泡 坐便清洁剂60g*3","price":"￥48"}] 