[{"id":"0","img":"images/xinpin1.jpg","title":"苏秘37(SU:M37°) ","introduce":"su:m37/苏秘37 焕肤精粹温和洁面套装","price":"￥180"},{"id":"1","img":"images/xinpin2.jpg","title":"苏秘37(SU:M37°) ","introduce":"su:m37/苏秘37 焕肤精粹温和洁面套装","price":"￥180"},{"id":"2","img":"images/xinpin3.jpg","title":"苏秘37(SU:M37°) ","introduce":"su:m37/苏秘37 焕肤精粹温和洁面套装","price":"￥180"},{"id":"3","img":"images/xinpin4.jpg","title":"苏秘37(SU:M37°) ","introduce":"su:m37/苏秘37 焕肤精粹温和洁面套装","price":"￥180"},{"id":"4","img":"images/xinpin5.jpg","title":"苏秘37(SU:M37°) ","introduce":"su:m37/苏秘37 焕肤精粹温和洁面套装","price":"￥180"},{"id":"5","img":"images/xinpin6.jpg","title":"苏秘37(SU:M37°) ","introduce":"su:m37/苏秘37 焕肤精粹温和洁面套装","price":"￥180"},{"id":"6","img":"images/xinpin1.jpg","title":"苏秘37(SU:M37°) ","introduce":"su:m37/苏秘37 焕肤精粹温和洁面套装","price":"￥180"},{"id":"7","img":"images/xinpin2.jpg","title":"苏秘37(SU:M37°) ","introduce":"su:m37/苏秘37 焕肤精粹温和洁面套装","price":"￥180"},{"id":"0","img":"images/xinpin1.jpg","title":"苏秘37(SU:M37°) ","introduce":"su:m37/苏秘37 焕肤精粹温和洁面套装","price":"￥180"},{"id":"1","img":"images/xinpin2.jpg","title":"苏秘37(SU:M37°) ","introduce":"su:m37/苏秘37 焕肤精粹温和洁面套装","price":"￥180"},{"id":"2","img":"images/xinpin3.jpg","title":"苏秘37(SU:M37°) ","introduce":"su:m37/苏秘37 焕肤精粹温和洁面套装","price":"￥180"},{"id":"3","img":"images/xinpin4.jpg","title":"苏秘37(SU:M37°) ","introduce":"su:m37/苏秘37 焕肤精粹温和洁面套装","price":"￥180"}]