[{"id":"0","img":"images/list1.png","p":"苏秘37(SU:M37°)","a":"su:m37/苏秘37 时间能量新肌水乳霜礼盒套装 修复滋养","span":"￥ 657.00"},{"id":"1","img":"images/list2.jpg","p":"苏秘37(SU:M37°)","a":"su:m37/苏秘37 时间能量新肌水乳霜礼盒套装 修复滋养","span":"￥ 657.00"},{"id":"2","img":"images/list3.jpg","p":"苏秘37(SU:M37°)","a":"su:m37/苏秘37 时间能量新肌水乳霜礼盒套装 修复滋养","span":"￥ 657.00"},{"id":"3","img":"images/list4.jpg","p":"苏秘37(SU:M37°)","a":"su:m37/苏秘37 时间能量新肌水乳霜礼盒套装 修复滋养","span":"￥ 657.00"},{"id":"4","img":"images/list5.jpg","p":"苏秘37(SU:M37°)","a":"su:m37/苏秘37 时间能量新肌水乳霜礼盒套装 修复滋养","span":"￥ 657.00"},{"id":"5","img":"images/list6.jpg","p":"苏秘37(SU:M37°)","a":"su:m37/苏秘37 时间能量新肌水乳霜礼盒套装 修复滋养","span":"￥ 657.00"},{"id":"6","img":"images/list7.jpg","p":"苏秘37(SU:M37°)","a":"su:m37/苏秘37 时间能量新肌水乳霜礼盒套装 修复滋养","span":"￥ 657.00"},{"id":"7","img":"images/list8.jpg","p":"苏秘37(SU:M37°)","a":"su:m37/苏秘37 时间能量新肌水乳霜礼盒套装 修复滋养","span":"￥ 657.00"},{"id":"8","img":"images/list9.jpg","p":"苏秘37(SU:M37°)","a":"su:m37/苏秘37 时间能量新肌水乳霜礼盒套装 修复滋养","span":"￥ 657.00"},{"id":"9","img":"images/list10.jpg","p":"苏秘37(SU:M37°)","a":"su:m37/苏秘37 时间能量新肌水乳霜礼盒套装 修复滋养","span":"￥ 657.00"},{"id":"10","img":"images/list11.jpg","p":"苏秘37(SU:M37°)","a":"su:m37/苏秘37 时间能量新肌水乳霜礼盒套装 修复滋养","span":"￥ 657.00"},{"id":"11","img":"images/list12.jpg","p":"苏秘37(SU:M37°)","a":"su:m37/苏秘37 时间能量新肌水乳霜礼盒套装 修复滋养","span":"￥ 657.00"},{"id":"12","img":"images/list13.jpg","p":"苏秘37(SU:M37°)","a":"su:m37/苏秘37 时间能量新肌水乳霜礼盒套装 修复滋养","span":"￥ 657.00"},{"id":"13","img":"images/list14.jpg","p":"苏秘37(SU:M37°)","a":"su:m37/苏秘37 时间能量新肌水乳霜礼盒套装 修复滋养","span":"￥ 657.00"},{"id":"14","img":"images/list15.jpg","p":"苏秘37(SU:M37°)","a":"su:m37/苏秘37 时间能量新肌水乳霜礼盒套装 修复滋养","span":"￥ 657.00"},{"id":"15","img":"images/list16.jpg","p":"苏秘37(SU:M37°)","a":"su:m37/苏秘37 时间能量新肌水乳霜礼盒套装 修复滋养","span":"￥ 657.00"},{"id":"16","img":"images/list17.jpg","p":"苏秘37(SU:M37°)","a":"su:m37/苏秘37 时间能量新肌水乳霜礼盒套装 修复滋养","span":"￥ 657.00"},{"id":"17","img":"images/list18.jpg","p":"苏秘37(SU:M37°)","a":"su:m37/苏秘37 时间能量新肌水乳霜礼盒套装 修复滋养","span":"￥ 657.00"},{"id":"18","img":"images/list19.jpg","p":"苏秘37(SU:M37°)","a":"su:m37/苏秘37 时间能量新肌水乳霜礼盒套装 修复滋养","span":"￥ 657.00"},{"id":"19","img":"images/list20.jpg","p":"苏秘37(SU:M37°)","a":"su:m37/苏秘37 时间能量新肌水乳霜礼盒套装 修复滋养","span":"￥ 657.00"},{"id":"20","img":"images/list21.jpg","p":"苏秘37(SU:M37°)","a":"su:m37/苏秘37 时间能量新肌水乳霜礼盒套装 修复滋养","span":"￥ 657.00"},{"id":"21","img":"images/list22.jpg","p":"苏秘37(SU:M37°)","a":"su:m37/苏秘37 时间能量新肌水乳霜礼盒套装 修复滋养","span":"￥ 657.00"},{"id":"22","img":"images/list23.jpg","p":"苏秘37(SU:M37°)","a":"su:m37/苏秘37 时间能量新肌水乳霜礼盒套装 修复滋养","span":"￥ 657.00"},{"id":"23","img":"images/list24.jpg","p":"苏秘37(SU:M37°)","a":"su:m37/苏秘37 时间能量新肌水乳霜礼盒套装 修复滋养","span":"￥ 657.00"},{"id":"24","img":"images/list1.png","p":"苏秘37(SU:M37°)","a":"su:m37/苏秘37 时间能量新肌水乳霜礼盒套装 修复滋养","span":"￥ 657.00"},{"id":"25","img":"images/list2.jpg","p":"苏秘37(SU:M37°)","a":"su:m37/苏秘37 时间能量新肌水乳霜礼盒套装 修复滋养","span":"￥ 657.00"},{"id":"26","img":"images/list3.jpg","p":"苏秘37(SU:M37°)","a":"su:m37/苏秘37 时间能量新肌水乳霜礼盒套装 修复滋养","span":"￥ 657.00"},{"id":"27","img":"images/list4.jpg","p":"苏秘37(SU:M37°)","a":"su:m37/苏秘37 时间能量新肌水乳霜礼盒套装 修复滋养","span":"￥ 657.00"},{"id":"28","img":"images/list5.jpg","p":"苏秘37(SU:M37°)","a":"su:m37/苏秘37 时间能量新肌水乳霜礼盒套装 修复滋养","span":"￥ 657.00"},{"id":"29","img":"images/list6.jpg","p":"苏秘37(SU:M37°)","a":"su:m37/苏秘37 时间能量新肌水乳霜礼盒套装 修复滋养","span":"￥ 657.00"},{"id":"30","img":"images/list7.jpg","p":"苏秘37(SU:M37°)","a":"su:m37/苏秘37 时间能量新肌水乳霜礼盒套装 修复滋养","span":"￥ 657.00"},{"id":"31","img":"images/list8.jpg","p":"苏秘37(SU:M37°)","a":"su:m37/苏秘37 时间能量新肌水乳霜礼盒套装 修复滋养","span":"￥ 657.00"},{"id":"32","img":"images/list9.jpg","p":"苏秘37(SU:M37°)","a":"su:m37/苏秘37 时间能量新肌水乳霜礼盒套装 修复滋养","span":"￥ 657.00"},{"id":"33","img":"images/list10.jpg","p":"苏秘37(SU:M37°)","a":"su:m37/苏秘37 时间能量新肌水乳霜礼盒套装 修复滋养","span":"￥ 657.00"},{"id":"34","img":"images/list11.jpg","p":"苏秘37(SU:M37°)","a":"su:m37/苏秘37 时间能量新肌水乳霜礼盒套装 修复滋养","span":"￥ 657.00"},{"id":"35","img":"images/list12.jpg","p":"苏秘37(SU:M37°)","a":"su:m37/苏秘37 时间能量新肌水乳霜礼盒套装 修复滋养","span":"￥ 657.00"}] 